{"afp": -0.7214224554930321, "pivka_ii": -0.1688342394674111, "tumor_burden": 0.092931145177933}