{"afp": 0.5446199615529936, "pivka_ii": 0.4125553158827821, "tumor_burden": 0.23946100110845214}