{"afp": 0.6996274117132278, "pivka_ii": -0.055071148373459895, "tumor_burden": 0.3411298822305274}